dataset,sample_id,split,stratum,full_line_number,in_pilot,in_smoke20
fpb,fpb-full-000025,full,split=full|label=positive,25,True,False
fpb,fpb-full-000040,full,split=full|label=positive,40,True,False
fpb,fpb-full-000063,full,split=full|label=neutral,63,True,False
fpb,fpb-full-000080,full,split=full|label=positive,80,True,False
fpb,fpb-full-000101,full,split=full|label=positive,101,True,False
fpb,fpb-full-000126,full,split=full|label=positive,126,True,False
fpb,fpb-full-000142,full,split=full|label=positive,142,True,False
fpb,fpb-full-000178,full,split=full|label=positive,178,True,False
fpb,fpb-full-000235,full,split=full|label=positive,235,True,False
fpb,fpb-full-000264,full,split=full|label=positive,264,True,False
fpb,fpb-full-000271,full,split=full|label=positive,271,True,False
fpb,fpb-full-000296,full,split=full|label=neutral,296,True,False
fpb,fpb-full-000298,full,split=full|label=positive,298,True,False
fpb,fpb-full-000319,full,split=full|label=positive,319,True,True
fpb,fpb-full-000347,full,split=full|label=positive,347,True,False
fpb,fpb-full-000352,full,split=full|label=positive,352,True,False
fpb,fpb-full-000396,full,split=full|label=neutral,396,True,False
fpb,fpb-full-000400,full,split=full|label=neutral,400,True,False
fpb,fpb-full-000427,full,split=full|label=positive,427,True,False
fpb,fpb-full-000442,full,split=full|label=positive,442,True,False
fpb,fpb-full-000474,full,split=full|label=positive,474,True,False
fpb,fpb-full-000479,full,split=full|label=neutral,479,True,False
fpb,fpb-full-000488,full,split=full|label=positive,488,True,False
fpb,fpb-full-000494,full,split=full|label=neutral,494,True,False
fpb,fpb-full-000527,full,split=full|label=positive,527,True,True
fpb,fpb-full-000540,full,split=full|label=negative,540,True,False
fpb,fpb-full-000545,full,split=full|label=negative,545,True,False
fpb,fpb-full-000546,full,split=full|label=positive,546,True,False
fpb,fpb-full-000581,full,split=full|label=positive,581,True,False
fpb,fpb-full-000582,full,split=full|label=positive,582,True,False
fpb,fpb-full-000593,full,split=full|label=positive,593,True,False
fpb,fpb-full-000634,full,split=full|label=neutral,634,True,False
fpb,fpb-full-000645,full,split=full|label=positive,645,True,False
fpb,fpb-full-000681,full,split=full|label=negative,681,True,False
fpb,fpb-full-000687,full,split=full|label=positive,687,True,True
fpb,fpb-full-000692,full,split=full|label=positive,692,True,False
fpb,fpb-full-000695,full,split=full|label=neutral,695,True,False
fpb,fpb-full-000696,full,split=full|label=neutral,696,True,False
fpb,fpb-full-000710,full,split=full|label=positive,710,True,True
fpb,fpb-full-000712,full,split=full|label=positive,712,True,False
fpb,fpb-full-000737,full,split=full|label=negative,737,True,False
fpb,fpb-full-000796,full,split=full|label=positive,796,True,False
fpb,fpb-full-000875,full,split=full|label=positive,875,True,False
fpb,fpb-full-000900,full,split=full|label=positive,900,True,False
fpb,fpb-full-000980,full,split=full|label=positive,980,True,False
fpb,fpb-full-000990,full,split=full|label=positive,990,True,False
fpb,fpb-full-000999,full,split=full|label=neutral,999,True,False
fpb,fpb-full-001040,full,split=full|label=neutral,1040,True,False
fpb,fpb-full-001054,full,split=full|label=neutral,1054,True,False
fpb,fpb-full-001062,full,split=full|label=neutral,1062,True,False
fpb,fpb-full-001085,full,split=full|label=neutral,1085,True,False
fpb,fpb-full-001087,full,split=full|label=neutral,1087,True,False
fpb,fpb-full-001109,full,split=full|label=neutral,1109,True,False
fpb,fpb-full-001122,full,split=full|label=neutral,1122,True,False
fpb,fpb-full-001127,full,split=full|label=neutral,1127,True,True
fpb,fpb-full-001131,full,split=full|label=positive,1131,True,False
fpb,fpb-full-001137,full,split=full|label=neutral,1137,True,True
fpb,fpb-full-001186,full,split=full|label=positive,1186,True,False
fpb,fpb-full-001224,full,split=full|label=neutral,1224,True,True
fpb,fpb-full-001262,full,split=full|label=positive,1262,True,False
fpb,fpb-full-001273,full,split=full|label=neutral,1273,True,False
fpb,fpb-full-001290,full,split=full|label=positive,1290,True,True
fpb,fpb-full-001372,full,split=full|label=neutral,1372,True,False
fpb,fpb-full-001401,full,split=full|label=neutral,1401,True,False
fpb,fpb-full-001435,full,split=full|label=positive,1435,True,False
fpb,fpb-full-001439,full,split=full|label=neutral,1439,True,False
fpb,fpb-full-001477,full,split=full|label=neutral,1477,True,False
fpb,fpb-full-001493,full,split=full|label=neutral,1493,True,False
fpb,fpb-full-001547,full,split=full|label=positive,1547,True,False
fpb,fpb-full-001559,full,split=full|label=neutral,1559,True,False
fpb,fpb-full-001575,full,split=full|label=neutral,1575,True,False
fpb,fpb-full-001613,full,split=full|label=neutral,1613,True,False
fpb,fpb-full-001664,full,split=full|label=neutral,1664,True,False
fpb,fpb-full-001667,full,split=full|label=positive,1667,True,False
fpb,fpb-full-001701,full,split=full|label=positive,1701,True,False
fpb,fpb-full-001794,full,split=full|label=positive,1794,True,False
fpb,fpb-full-001799,full,split=full|label=positive,1799,True,False
fpb,fpb-full-001862,full,split=full|label=neutral,1862,True,False
fpb,fpb-full-001869,full,split=full|label=neutral,1869,True,False
fpb,fpb-full-001870,full,split=full|label=neutral,1870,True,False
fpb,fpb-full-001954,full,split=full|label=positive,1954,True,False
fpb,fpb-full-001989,full,split=full|label=positive,1989,True,False
fpb,fpb-full-001990,full,split=full|label=negative,1990,True,False
fpb,fpb-full-002017,full,split=full|label=neutral,2017,True,False
fpb,fpb-full-002018,full,split=full|label=neutral,2018,True,False
fpb,fpb-full-002042,full,split=full|label=neutral,2042,True,False
fpb,fpb-full-002046,full,split=full|label=neutral,2046,True,False
fpb,fpb-full-002070,full,split=full|label=positive,2070,True,False
fpb,fpb-full-002071,full,split=full|label=neutral,2071,True,False
fpb,fpb-full-002081,full,split=full|label=neutral,2081,True,False
fpb,fpb-full-002097,full,split=full|label=neutral,2097,True,False
fpb,fpb-full-002115,full,split=full|label=neutral,2115,True,False
fpb,fpb-full-002135,full,split=full|label=neutral,2135,True,False
fpb,fpb-full-002153,full,split=full|label=positive,2153,True,False
fpb,fpb-full-002171,full,split=full|label=positive,2171,True,False
fpb,fpb-full-002175,full,split=full|label=positive,2175,True,False
fpb,fpb-full-002196,full,split=full|label=neutral,2196,True,False
fpb,fpb-full-002263,full,split=full|label=positive,2263,True,False
fpb,fpb-full-002268,full,split=full|label=positive,2268,True,False
fpb,fpb-full-002274,full,split=full|label=positive,2274,True,False
fpb,fpb-full-002275,full,split=full|label=positive,2275,True,False
fpb,fpb-full-002316,full,split=full|label=neutral,2316,True,False
fpb,fpb-full-002364,full,split=full|label=neutral,2364,True,False
fpb,fpb-full-002385,full,split=full|label=neutral,2385,True,False
fpb,fpb-full-002393,full,split=full|label=neutral,2393,True,False
fpb,fpb-full-002395,full,split=full|label=neutral,2395,True,False
fpb,fpb-full-002412,full,split=full|label=neutral,2412,True,False
fpb,fpb-full-002413,full,split=full|label=neutral,2413,True,False
fpb,fpb-full-002457,full,split=full|label=positive,2457,True,False
fpb,fpb-full-002464,full,split=full|label=neutral,2464,True,False
fpb,fpb-full-002513,full,split=full|label=neutral,2513,True,False
fpb,fpb-full-002581,full,split=full|label=neutral,2581,True,True
fpb,fpb-full-002587,full,split=full|label=neutral,2587,True,False
fpb,fpb-full-002605,full,split=full|label=neutral,2605,True,False
fpb,fpb-full-002657,full,split=full|label=neutral,2657,True,False
fpb,fpb-full-002705,full,split=full|label=neutral,2705,True,False
fpb,fpb-full-002798,full,split=full|label=negative,2798,True,False
fpb,fpb-full-002801,full,split=full|label=neutral,2801,True,False
fpb,fpb-full-002807,full,split=full|label=neutral,2807,True,False
fpb,fpb-full-002829,full,split=full|label=neutral,2829,True,False
fpb,fpb-full-002851,full,split=full|label=neutral,2851,True,False
fpb,fpb-full-002866,full,split=full|label=neutral,2866,True,False
fpb,fpb-full-002868,full,split=full|label=neutral,2868,True,False
fpb,fpb-full-002887,full,split=full|label=neutral,2887,True,True
fpb,fpb-full-002895,full,split=full|label=neutral,2895,True,False
fpb,fpb-full-002935,full,split=full|label=positive,2935,True,False
fpb,fpb-full-002976,full,split=full|label=neutral,2976,True,False
fpb,fpb-full-003002,full,split=full|label=neutral,3002,True,False
fpb,fpb-full-003043,full,split=full|label=neutral,3043,True,False
fpb,fpb-full-003080,full,split=full|label=neutral,3080,True,False
fpb,fpb-full-003085,full,split=full|label=neutral,3085,True,False
fpb,fpb-full-003086,full,split=full|label=neutral,3086,True,False
fpb,fpb-full-003104,full,split=full|label=neutral,3104,True,True
fpb,fpb-full-003144,full,split=full|label=neutral,3144,True,False
fpb,fpb-full-003168,full,split=full|label=neutral,3168,True,False
fpb,fpb-full-003171,full,split=full|label=neutral,3171,True,False
fpb,fpb-full-003235,full,split=full|label=neutral,3235,True,False
fpb,fpb-full-003299,full,split=full|label=neutral,3299,True,True
fpb,fpb-full-003311,full,split=full|label=neutral,3311,True,False
fpb,fpb-full-003315,full,split=full|label=neutral,3315,True,False
fpb,fpb-full-003332,full,split=full|label=neutral,3332,True,False
fpb,fpb-full-003363,full,split=full|label=neutral,3363,True,False
fpb,fpb-full-003381,full,split=full|label=neutral,3381,True,False
fpb,fpb-full-003384,full,split=full|label=neutral,3384,True,True
fpb,fpb-full-003432,full,split=full|label=neutral,3432,True,False
fpb,fpb-full-003435,full,split=full|label=neutral,3435,True,False
fpb,fpb-full-003451,full,split=full|label=neutral,3451,True,False
fpb,fpb-full-003470,full,split=full|label=neutral,3470,True,False
fpb,fpb-full-003487,full,split=full|label=neutral,3487,True,False
fpb,fpb-full-003505,full,split=full|label=neutral,3505,True,False
fpb,fpb-full-003519,full,split=full|label=neutral,3519,True,False
fpb,fpb-full-003523,full,split=full|label=neutral,3523,True,True
fpb,fpb-full-003605,full,split=full|label=neutral,3605,True,False
fpb,fpb-full-003634,full,split=full|label=negative,3634,True,False
fpb,fpb-full-003667,full,split=full|label=neutral,3667,True,False
fpb,fpb-full-003675,full,split=full|label=neutral,3675,True,False
fpb,fpb-full-003702,full,split=full|label=neutral,3702,True,True
fpb,fpb-full-003732,full,split=full|label=neutral,3732,True,False
fpb,fpb-full-003745,full,split=full|label=neutral,3745,True,False
fpb,fpb-full-003746,full,split=full|label=neutral,3746,True,False
fpb,fpb-full-003752,full,split=full|label=neutral,3752,True,False
fpb,fpb-full-003774,full,split=full|label=neutral,3774,True,True
fpb,fpb-full-003787,full,split=full|label=neutral,3787,True,False
fpb,fpb-full-003790,full,split=full|label=neutral,3790,True,False
fpb,fpb-full-003802,full,split=full|label=neutral,3802,True,False
fpb,fpb-full-003817,full,split=full|label=neutral,3817,True,False
fpb,fpb-full-003821,full,split=full|label=neutral,3821,True,False
fpb,fpb-full-003824,full,split=full|label=neutral,3824,True,False
fpb,fpb-full-003837,full,split=full|label=neutral,3837,True,False
fpb,fpb-full-003839,full,split=full|label=neutral,3839,True,False
fpb,fpb-full-003865,full,split=full|label=neutral,3865,True,False
fpb,fpb-full-003943,full,split=full|label=neutral,3943,True,True
fpb,fpb-full-003948,full,split=full|label=neutral,3948,True,False
fpb,fpb-full-004054,full,split=full|label=negative,4054,True,False
fpb,fpb-full-004160,full,split=full|label=neutral,4160,True,False
fpb,fpb-full-004170,full,split=full|label=neutral,4170,True,False
fpb,fpb-full-004175,full,split=full|label=negative,4175,True,False
fpb,fpb-full-004190,full,split=full|label=neutral,4190,True,False
fpb,fpb-full-004197,full,split=full|label=negative,4197,True,True
fpb,fpb-full-004198,full,split=full|label=neutral,4198,True,False
fpb,fpb-full-004211,full,split=full|label=neutral,4211,True,False
fpb,fpb-full-004220,full,split=full|label=negative,4220,True,False
fpb,fpb-full-004288,full,split=full|label=neutral,4288,True,False
fpb,fpb-full-004296,full,split=full|label=neutral,4296,True,False
fpb,fpb-full-004322,full,split=full|label=negative,4322,True,False
fpb,fpb-full-004358,full,split=full|label=neutral,4358,True,False
fpb,fpb-full-004401,full,split=full|label=negative,4401,True,True
fpb,fpb-full-004437,full,split=full|label=negative,4437,True,False
fpb,fpb-full-004444,full,split=full|label=negative,4444,True,False
fpb,fpb-full-004449,full,split=full|label=negative,4449,True,False
fpb,fpb-full-004460,full,split=full|label=positive,4460,True,False
fpb,fpb-full-004559,full,split=full|label=negative,4559,True,False
fpb,fpb-full-004565,full,split=full|label=negative,4565,True,False
fpb,fpb-full-004686,full,split=full|label=negative,4686,True,False
fpb,fpb-full-004698,full,split=full|label=negative,4698,True,False
fpb,fpb-full-004723,full,split=full|label=negative,4723,True,True
fpb,fpb-full-004739,full,split=full|label=negative,4739,True,False
fpb,fpb-full-004804,full,split=full|label=negative,4804,True,False
fpb,fpb-full-004835,full,split=full|label=negative,4835,True,False
fpb,fpb-full-004844,full,split=full|label=negative,4844,True,False
fiqa_sa,fiqa_sa-test-000014,test,split=test|label=positive,953,True,False
fiqa_sa,fiqa_sa-test-000040,test,split=test|label=negative,979,True,False
fiqa_sa,fiqa_sa-test-000041,test,split=test|label=negative,980,True,False
fiqa_sa,fiqa_sa-test-000047,test,split=test|label=positive,986,True,False
fiqa_sa,fiqa_sa-test-000055,test,split=test|label=positive,994,True,False
fiqa_sa,fiqa_sa-test-000057,test,split=test|label=positive,996,True,False
fiqa_sa,fiqa_sa-test-000064,test,split=test|label=positive,1003,True,False
fiqa_sa,fiqa_sa-test-000067,test,split=test|label=neutral,1006,True,True
fiqa_sa,fiqa_sa-test-000069,test,split=test|label=positive,1008,True,False
fiqa_sa,fiqa_sa-test-000076,test,split=test|label=positive,1015,True,False
fiqa_sa,fiqa_sa-test-000079,test,split=test|label=positive,1018,True,True
fiqa_sa,fiqa_sa-test-000095,test,split=test|label=negative,1034,True,False
fiqa_sa,fiqa_sa-test-000097,test,split=test|label=positive,1036,True,False
fiqa_sa,fiqa_sa-test-000104,test,split=test|label=negative,1043,True,False
fiqa_sa,fiqa_sa-test-000106,test,split=test|label=positive,1045,True,False
fiqa_sa,fiqa_sa-test-000112,test,split=test|label=negative,1051,True,False
fiqa_sa,fiqa_sa-test-000117,test,split=test|label=positive,1056,True,False
fiqa_sa,fiqa_sa-test-000119,test,split=test|label=positive,1058,True,True
fiqa_sa,fiqa_sa-test-000125,test,split=test|label=positive,1064,True,False
fiqa_sa,fiqa_sa-test-000127,test,split=test|label=positive,1066,True,False
fiqa_sa,fiqa_sa-test-000140,test,split=test|label=negative,1079,True,False
fiqa_sa,fiqa_sa-test-000142,test,split=test|label=negative,1081,True,False
fiqa_sa,fiqa_sa-test-000146,test,split=test|label=positive,1085,True,False
fiqa_sa,fiqa_sa-test-000147,test,split=test|label=positive,1086,True,False
fiqa_sa,fiqa_sa-test-000153,test,split=test|label=negative,1092,True,False
fiqa_sa,fiqa_sa-test-000154,test,split=test|label=positive,1093,True,False
fiqa_sa,fiqa_sa-test-000159,test,split=test|label=positive,1098,True,False
fiqa_sa,fiqa_sa-test-000169,test,split=test|label=positive,1108,True,False
fiqa_sa,fiqa_sa-test-000174,test,split=test|label=positive,1113,True,False
fiqa_sa,fiqa_sa-test-000177,test,split=test|label=negative,1116,True,False
fiqa_sa,fiqa_sa-test-000187,test,split=test|label=negative,1126,True,False
fiqa_sa,fiqa_sa-test-000188,test,split=test|label=positive,1127,True,False
fiqa_sa,fiqa_sa-test-000191,test,split=test|label=negative,1130,True,False
fiqa_sa,fiqa_sa-test-000195,test,split=test|label=negative,1134,True,True
fiqa_sa,fiqa_sa-test-000206,test,split=test|label=negative,1145,True,False
fiqa_sa,fiqa_sa-test-000211,test,split=test|label=negative,1150,True,False
fiqa_sa,fiqa_sa-test-000214,test,split=test|label=positive,1153,True,False
fiqa_sa,fiqa_sa-test-000223,test,split=test|label=negative,1162,True,False
fiqa_sa,fiqa_sa-test-000228,test,split=test|label=positive,1167,True,False
fiqa_sa,fiqa_sa-test-000233,test,split=test|label=positive,1172,True,False
fiqa_sa,fiqa_sa-train-000014,train,split=train|label=positive,14,True,False
fiqa_sa,fiqa_sa-train-000015,train,split=train|label=positive,15,True,False
fiqa_sa,fiqa_sa-train-000016,train,split=train|label=positive,16,True,False
fiqa_sa,fiqa_sa-train-000024,train,split=train|label=positive,24,True,False
fiqa_sa,fiqa_sa-train-000027,train,split=train|label=positive,27,True,False
fiqa_sa,fiqa_sa-train-000030,train,split=train|label=positive,30,True,False
fiqa_sa,fiqa_sa-train-000031,train,split=train|label=positive,31,True,False
fiqa_sa,fiqa_sa-train-000041,train,split=train|label=positive,41,True,False
fiqa_sa,fiqa_sa-train-000048,train,split=train|label=positive,48,True,False
fiqa_sa,fiqa_sa-train-000050,train,split=train|label=positive,50,True,False
fiqa_sa,fiqa_sa-train-000051,train,split=train|label=positive,51,True,False
fiqa_sa,fiqa_sa-train-000054,train,split=train|label=positive,54,True,True
fiqa_sa,fiqa_sa-train-000059,train,split=train|label=positive,59,True,False
fiqa_sa,fiqa_sa-train-000061,train,split=train|label=positive,61,True,False
fiqa_sa,fiqa_sa-train-000063,train,split=train|label=negative,63,True,False
fiqa_sa,fiqa_sa-train-000070,train,split=train|label=positive,70,True,False
fiqa_sa,fiqa_sa-train-000075,train,split=train|label=positive,75,True,False
fiqa_sa,fiqa_sa-train-000089,train,split=train|label=positive,89,True,False
fiqa_sa,fiqa_sa-train-000092,train,split=train|label=positive,92,True,False
fiqa_sa,fiqa_sa-train-000097,train,split=train|label=negative,97,True,False
fiqa_sa,fiqa_sa-train-000099,train,split=train|label=negative,99,True,False
fiqa_sa,fiqa_sa-train-000100,train,split=train|label=negative,100,True,False
fiqa_sa,fiqa_sa-train-000118,train,split=train|label=positive,118,True,False
fiqa_sa,fiqa_sa-train-000123,train,split=train|label=positive,123,True,False
fiqa_sa,fiqa_sa-train-000124,train,split=train|label=positive,124,True,True
fiqa_sa,fiqa_sa-train-000129,train,split=train|label=positive,129,True,False
fiqa_sa,fiqa_sa-train-000140,train,split=train|label=positive,140,True,False
fiqa_sa,fiqa_sa-train-000144,train,split=train|label=negative,144,True,False
fiqa_sa,fiqa_sa-train-000145,train,split=train|label=negative,145,True,False
fiqa_sa,fiqa_sa-train-000155,train,split=train|label=negative,155,True,False
fiqa_sa,fiqa_sa-train-000174,train,split=train|label=positive,174,True,False
fiqa_sa,fiqa_sa-train-000176,train,split=train|label=negative,176,True,False
fiqa_sa,fiqa_sa-train-000181,train,split=train|label=positive,181,True,False
fiqa_sa,fiqa_sa-train-000183,train,split=train|label=negative,183,True,False
fiqa_sa,fiqa_sa-train-000203,train,split=train|label=negative,203,True,False
fiqa_sa,fiqa_sa-train-000205,train,split=train|label=neutral,205,True,False
fiqa_sa,fiqa_sa-train-000206,train,split=train|label=positive,206,True,False
fiqa_sa,fiqa_sa-train-000210,train,split=train|label=negative,210,True,False
fiqa_sa,fiqa_sa-train-000234,train,split=train|label=negative,234,True,False
fiqa_sa,fiqa_sa-train-000239,train,split=train|label=positive,239,True,False
fiqa_sa,fiqa_sa-train-000247,train,split=train|label=positive,247,True,False
fiqa_sa,fiqa_sa-train-000254,train,split=train|label=negative,254,True,False
fiqa_sa,fiqa_sa-train-000259,train,split=train|label=positive,259,True,False
fiqa_sa,fiqa_sa-train-000262,train,split=train|label=negative,262,True,False
fiqa_sa,fiqa_sa-train-000263,train,split=train|label=negative,263,True,False
fiqa_sa,fiqa_sa-train-000272,train,split=train|label=negative,272,True,True
fiqa_sa,fiqa_sa-train-000274,train,split=train|label=positive,274,True,False
fiqa_sa,fiqa_sa-train-000276,train,split=train|label=positive,276,True,False
fiqa_sa,fiqa_sa-train-000280,train,split=train|label=positive,280,True,False
fiqa_sa,fiqa_sa-train-000282,train,split=train|label=negative,282,True,False
fiqa_sa,fiqa_sa-train-000284,train,split=train|label=neutral,284,True,True
fiqa_sa,fiqa_sa-train-000289,train,split=train|label=positive,289,True,True
fiqa_sa,fiqa_sa-train-000291,train,split=train|label=positive,291,True,False
fiqa_sa,fiqa_sa-train-000303,train,split=train|label=positive,303,True,False
fiqa_sa,fiqa_sa-train-000307,train,split=train|label=negative,307,True,False
fiqa_sa,fiqa_sa-train-000310,train,split=train|label=negative,310,True,False
fiqa_sa,fiqa_sa-train-000312,train,split=train|label=positive,312,True,False
fiqa_sa,fiqa_sa-train-000317,train,split=train|label=positive,317,True,True
fiqa_sa,fiqa_sa-train-000318,train,split=train|label=positive,318,True,False
fiqa_sa,fiqa_sa-train-000325,train,split=train|label=negative,325,True,False
fiqa_sa,fiqa_sa-train-000339,train,split=train|label=positive,339,True,False
fiqa_sa,fiqa_sa-train-000342,train,split=train|label=positive,342,True,False
fiqa_sa,fiqa_sa-train-000343,train,split=train|label=positive,343,True,False
fiqa_sa,fiqa_sa-train-000345,train,split=train|label=negative,345,True,False
fiqa_sa,fiqa_sa-train-000351,train,split=train|label=positive,351,True,False
fiqa_sa,fiqa_sa-train-000356,train,split=train|label=positive,356,True,False
fiqa_sa,fiqa_sa-train-000357,train,split=train|label=positive,357,True,True
fiqa_sa,fiqa_sa-train-000367,train,split=train|label=positive,367,True,False
fiqa_sa,fiqa_sa-train-000373,train,split=train|label=positive,373,True,False
fiqa_sa,fiqa_sa-train-000374,train,split=train|label=negative,374,True,False
fiqa_sa,fiqa_sa-train-000386,train,split=train|label=positive,386,True,False
fiqa_sa,fiqa_sa-train-000399,train,split=train|label=negative,399,True,True
fiqa_sa,fiqa_sa-train-000414,train,split=train|label=positive,414,True,False
fiqa_sa,fiqa_sa-train-000419,train,split=train|label=positive,419,True,False
fiqa_sa,fiqa_sa-train-000428,train,split=train|label=positive,428,True,False
fiqa_sa,fiqa_sa-train-000429,train,split=train|label=positive,429,True,False
fiqa_sa,fiqa_sa-train-000436,train,split=train|label=negative,436,True,False
fiqa_sa,fiqa_sa-train-000452,train,split=train|label=positive,452,True,False
fiqa_sa,fiqa_sa-train-000454,train,split=train|label=positive,454,True,True
fiqa_sa,fiqa_sa-train-000458,train,split=train|label=positive,458,True,False
fiqa_sa,fiqa_sa-train-000461,train,split=train|label=positive,461,True,False
fiqa_sa,fiqa_sa-train-000463,train,split=train|label=positive,463,True,False
fiqa_sa,fiqa_sa-train-000464,train,split=train|label=positive,464,True,False
fiqa_sa,fiqa_sa-train-000467,train,split=train|label=negative,467,True,False
fiqa_sa,fiqa_sa-train-000475,train,split=train|label=positive,475,True,False
fiqa_sa,fiqa_sa-train-000477,train,split=train|label=positive,477,True,False
fiqa_sa,fiqa_sa-train-000478,train,split=train|label=positive,478,True,False
fiqa_sa,fiqa_sa-train-000486,train,split=train|label=negative,486,True,False
fiqa_sa,fiqa_sa-train-000495,train,split=train|label=positive,495,True,False
fiqa_sa,fiqa_sa-train-000500,train,split=train|label=positive,500,True,False
fiqa_sa,fiqa_sa-train-000504,train,split=train|label=positive,504,True,False
fiqa_sa,fiqa_sa-train-000506,train,split=train|label=negative,506,True,False
fiqa_sa,fiqa_sa-train-000513,train,split=train|label=positive,513,True,False
fiqa_sa,fiqa_sa-train-000514,train,split=train|label=negative,514,True,True
fiqa_sa,fiqa_sa-train-000515,train,split=train|label=positive,515,True,False
fiqa_sa,fiqa_sa-train-000519,train,split=train|label=positive,519,True,False
fiqa_sa,fiqa_sa-train-000523,train,split=train|label=positive,523,True,False
fiqa_sa,fiqa_sa-train-000526,train,split=train|label=positive,526,True,False
fiqa_sa,fiqa_sa-train-000530,train,split=train|label=positive,530,True,True
fiqa_sa,fiqa_sa-train-000542,train,split=train|label=positive,542,True,False
fiqa_sa,fiqa_sa-train-000552,train,split=train|label=positive,552,True,False
fiqa_sa,fiqa_sa-train-000553,train,split=train|label=positive,553,True,False
fiqa_sa,fiqa_sa-train-000556,train,split=train|label=positive,556,True,False
fiqa_sa,fiqa_sa-train-000574,train,split=train|label=negative,574,True,False
fiqa_sa,fiqa_sa-train-000578,train,split=train|label=negative,578,True,False
fiqa_sa,fiqa_sa-train-000579,train,split=train|label=positive,579,True,False
fiqa_sa,fiqa_sa-train-000593,train,split=train|label=negative,593,True,False
fiqa_sa,fiqa_sa-train-000598,train,split=train|label=negative,598,True,False
fiqa_sa,fiqa_sa-train-000615,train,split=train|label=positive,615,True,False
fiqa_sa,fiqa_sa-train-000634,train,split=train|label=positive,634,True,False
fiqa_sa,fiqa_sa-train-000637,train,split=train|label=positive,637,True,False
fiqa_sa,fiqa_sa-train-000646,train,split=train|label=positive,646,True,True
fiqa_sa,fiqa_sa-train-000648,train,split=train|label=negative,648,True,True
fiqa_sa,fiqa_sa-train-000664,train,split=train|label=negative,664,True,False
fiqa_sa,fiqa_sa-train-000674,train,split=train|label=positive,674,True,False
fiqa_sa,fiqa_sa-train-000683,train,split=train|label=negative,683,True,False
fiqa_sa,fiqa_sa-train-000685,train,split=train|label=positive,685,True,False
fiqa_sa,fiqa_sa-train-000688,train,split=train|label=positive,688,True,False
fiqa_sa,fiqa_sa-train-000691,train,split=train|label=positive,691,True,True
fiqa_sa,fiqa_sa-train-000693,train,split=train|label=positive,693,True,False
fiqa_sa,fiqa_sa-train-000695,train,split=train|label=negative,695,True,False
fiqa_sa,fiqa_sa-train-000705,train,split=train|label=negative,705,True,False
fiqa_sa,fiqa_sa-train-000707,train,split=train|label=negative,707,True,False
fiqa_sa,fiqa_sa-train-000714,train,split=train|label=negative,714,True,False
fiqa_sa,fiqa_sa-train-000727,train,split=train|label=positive,727,True,False
fiqa_sa,fiqa_sa-train-000735,train,split=train|label=positive,735,True,False
fiqa_sa,fiqa_sa-train-000744,train,split=train|label=negative,744,True,False
fiqa_sa,fiqa_sa-train-000751,train,split=train|label=positive,751,True,False
fiqa_sa,fiqa_sa-train-000752,train,split=train|label=positive,752,True,False
fiqa_sa,fiqa_sa-train-000761,train,split=train|label=positive,761,True,False
fiqa_sa,fiqa_sa-train-000768,train,split=train|label=negative,768,True,False
fiqa_sa,fiqa_sa-train-000769,train,split=train|label=positive,769,True,False
fiqa_sa,fiqa_sa-train-000781,train,split=train|label=positive,781,True,False
fiqa_sa,fiqa_sa-train-000783,train,split=train|label=positive,783,True,False
fiqa_sa,fiqa_sa-train-000787,train,split=train|label=negative,787,True,False
fiqa_sa,fiqa_sa-train-000791,train,split=train|label=positive,791,True,False
fiqa_sa,fiqa_sa-train-000799,train,split=train|label=negative,799,True,False
fiqa_sa,fiqa_sa-train-000804,train,split=train|label=negative,804,True,False
fiqa_sa,fiqa_sa-train-000806,train,split=train|label=negative,806,True,False
fiqa_sa,fiqa_sa-train-000811,train,split=train|label=positive,811,True,False
fiqa_sa,fiqa_sa-valid-000003,valid,split=valid|label=negative,825,True,False
fiqa_sa,fiqa_sa-valid-000007,valid,split=valid|label=negative,829,True,False
fiqa_sa,fiqa_sa-valid-000008,valid,split=valid|label=negative,830,True,False
fiqa_sa,fiqa_sa-valid-000013,valid,split=valid|label=negative,835,True,False
fiqa_sa,fiqa_sa-valid-000015,valid,split=valid|label=positive,837,True,False
fiqa_sa,fiqa_sa-valid-000018,valid,split=valid|label=negative,840,True,False
fiqa_sa,fiqa_sa-valid-000027,valid,split=valid|label=negative,849,True,False
fiqa_sa,fiqa_sa-valid-000028,valid,split=valid|label=positive,850,True,True
fiqa_sa,fiqa_sa-valid-000029,valid,split=valid|label=positive,851,True,False
fiqa_sa,fiqa_sa-valid-000041,valid,split=valid|label=negative,863,True,True
fiqa_sa,fiqa_sa-valid-000047,valid,split=valid|label=positive,869,True,False
fiqa_sa,fiqa_sa-valid-000051,valid,split=valid|label=positive,873,True,False
fiqa_sa,fiqa_sa-valid-000054,valid,split=valid|label=positive,876,True,False
fiqa_sa,fiqa_sa-valid-000064,valid,split=valid|label=positive,886,True,False
fiqa_sa,fiqa_sa-valid-000066,valid,split=valid|label=positive,888,True,False
fiqa_sa,fiqa_sa-valid-000074,valid,split=valid|label=positive,896,True,False
fiqa_sa,fiqa_sa-valid-000077,valid,split=valid|label=negative,899,True,False
fiqa_sa,fiqa_sa-valid-000086,valid,split=valid|label=positive,908,True,False
fiqa_sa,fiqa_sa-valid-000099,valid,split=valid|label=positive,921,True,False
fiqa_sa,fiqa_sa-valid-000107,valid,split=valid|label=positive,929,True,False
finqa,finqa-test-000036,test,split=test,7170,True,False
finqa,finqa-test-000042,test,split=test,7176,True,False
finqa,finqa-test-000096,test,split=test,7230,True,False
finqa,finqa-test-000263,test,split=test,7397,True,False
finqa,finqa-test-000273,test,split=test,7407,True,False
finqa,finqa-test-000413,test,split=test,7547,True,False
finqa,finqa-test-000430,test,split=test,7564,True,False
finqa,finqa-test-000483,test,split=test,7617,True,False
finqa,finqa-test-000490,test,split=test,7624,True,False
finqa,finqa-test-000535,test,split=test,7669,True,True
finqa,finqa-test-000562,test,split=test,7696,True,False
finqa,finqa-test-000577,test,split=test,7711,True,False
finqa,finqa-test-000581,test,split=test,7715,True,False
finqa,finqa-test-000592,test,split=test,7726,True,False
finqa,finqa-test-000599,test,split=test,7733,True,False
finqa,finqa-test-000609,test,split=test,7743,True,False
finqa,finqa-test-000683,test,split=test,7817,True,False
finqa,finqa-test-000721,test,split=test,7855,True,False
finqa,finqa-test-000825,test,split=test,7959,True,False
finqa,finqa-test-000850,test,split=test,7984,True,False
finqa,finqa-test-000869,test,split=test,8003,True,False
finqa,finqa-test-000930,test,split=test,8064,True,False
finqa,finqa-test-000932,test,split=test,8066,True,False
finqa,finqa-test-000934,test,split=test,8068,True,False
finqa,finqa-test-001089,test,split=test,8223,True,True
finqa,finqa-test-001091,test,split=test,8225,True,True
finqa,finqa-test-001121,test,split=test,8255,True,False
finqa,finqa-test-001139,test,split=test,8273,True,False
finqa,finqa-train-000021,train,split=train,21,True,False
finqa,finqa-train-000091,train,split=train,91,True,False
finqa,finqa-train-000094,train,split=train,94,True,False
finqa,finqa-train-000124,train,split=train,124,True,False
finqa,finqa-train-000146,train,split=train,146,True,False
finqa,finqa-train-000230,train,split=train,230,True,False
finqa,finqa-train-000233,train,split=train,233,True,False
finqa,finqa-train-000240,train,split=train,240,True,False
finqa,finqa-train-000301,train,split=train,301,True,False
finqa,finqa-train-000409,train,split=train,409,True,False
finqa,finqa-train-000521,train,split=train,521,True,False
finqa,finqa-train-000538,train,split=train,538,True,False
finqa,finqa-train-000556,train,split=train,556,True,False
finqa,finqa-train-000557,train,split=train,557,True,False
finqa,finqa-train-000641,train,split=train,641,True,False
finqa,finqa-train-000665,train,split=train,665,True,False
finqa,finqa-train-000749,train,split=train,749,True,False
finqa,finqa-train-000759,train,split=train,759,True,False
finqa,finqa-train-000766,train,split=train,766,True,False
finqa,finqa-train-000809,train,split=train,809,True,False
finqa,finqa-train-000857,train,split=train,857,True,False
finqa,finqa-train-000898,train,split=train,898,True,False
finqa,finqa-train-000942,train,split=train,942,True,False
finqa,finqa-train-000973,train,split=train,973,True,False
finqa,finqa-train-000975,train,split=train,975,True,False
finqa,finqa-train-000981,train,split=train,981,True,False
finqa,finqa-train-001018,train,split=train,1018,True,False
finqa,finqa-train-001048,train,split=train,1048,True,True
finqa,finqa-train-001148,train,split=train,1148,True,False
finqa,finqa-train-001241,train,split=train,1241,True,False
finqa,finqa-train-001246,train,split=train,1246,True,False
finqa,finqa-train-001304,train,split=train,1304,True,False
finqa,finqa-train-001347,train,split=train,1347,True,False
finqa,finqa-train-001356,train,split=train,1356,True,False
finqa,finqa-train-001404,train,split=train,1404,True,False
finqa,finqa-train-001416,train,split=train,1416,True,False
finqa,finqa-train-001442,train,split=train,1442,True,False
finqa,finqa-train-001455,train,split=train,1455,True,False
finqa,finqa-train-001554,train,split=train,1554,True,False
finqa,finqa-train-001573,train,split=train,1573,True,False
finqa,finqa-train-001680,train,split=train,1680,True,False
finqa,finqa-train-001696,train,split=train,1696,True,False
finqa,finqa-train-001740,train,split=train,1740,True,False
finqa,finqa-train-001772,train,split=train,1772,True,False
finqa,finqa-train-001794,train,split=train,1794,True,True
finqa,finqa-train-001902,train,split=train,1902,True,False
finqa,finqa-train-001925,train,split=train,1925,True,False
finqa,finqa-train-001955,train,split=train,1955,True,False
finqa,finqa-train-001979,train,split=train,1979,True,False
finqa,finqa-train-002123,train,split=train,2123,True,False
finqa,finqa-train-002159,train,split=train,2159,True,False
finqa,finqa-train-002163,train,split=train,2163,True,True
finqa,finqa-train-002181,train,split=train,2181,True,False
finqa,finqa-train-002189,train,split=train,2189,True,True
finqa,finqa-train-002260,train,split=train,2260,True,False
finqa,finqa-train-002276,train,split=train,2276,True,False
finqa,finqa-train-002410,train,split=train,2410,True,False
finqa,finqa-train-002417,train,split=train,2417,True,False
finqa,finqa-train-002428,train,split=train,2428,True,False
finqa,finqa-train-002431,train,split=train,2431,True,False
finqa,finqa-train-002437,train,split=train,2437,True,False
finqa,finqa-train-002449,train,split=train,2449,True,False
finqa,finqa-train-002506,train,split=train,2506,True,True
finqa,finqa-train-002527,train,split=train,2527,True,False
finqa,finqa-train-002546,train,split=train,2546,True,False
finqa,finqa-train-002649,train,split=train,2649,True,False
finqa,finqa-train-002689,train,split=train,2689,True,False
finqa,finqa-train-002747,train,split=train,2747,True,False
finqa,finqa-train-002771,train,split=train,2771,True,False
finqa,finqa-train-002799,train,split=train,2799,True,False
finqa,finqa-train-002812,train,split=train,2812,True,False
finqa,finqa-train-002880,train,split=train,2880,True,False
finqa,finqa-train-002884,train,split=train,2884,True,True
finqa,finqa-train-003143,train,split=train,3143,True,False
finqa,finqa-train-003289,train,split=train,3289,True,False
finqa,finqa-train-003319,train,split=train,3319,True,False
finqa,finqa-train-003383,train,split=train,3383,True,False
finqa,finqa-train-003386,train,split=train,3386,True,False
finqa,finqa-train-003428,train,split=train,3428,True,False
finqa,finqa-train-003474,train,split=train,3474,True,False
finqa,finqa-train-003520,train,split=train,3520,True,True
finqa,finqa-train-003581,train,split=train,3581,True,False
finqa,finqa-train-003625,train,split=train,3625,True,False
finqa,finqa-train-003652,train,split=train,3652,True,False
finqa,finqa-train-003656,train,split=train,3656,True,False
finqa,finqa-train-003817,train,split=train,3817,True,False
finqa,finqa-train-003938,train,split=train,3938,True,False
finqa,finqa-train-003940,train,split=train,3940,True,False
finqa,finqa-train-003942,train,split=train,3942,True,False
finqa,finqa-train-003943,train,split=train,3943,True,False
finqa,finqa-train-003949,train,split=train,3949,True,False
finqa,finqa-train-003954,train,split=train,3954,True,False
finqa,finqa-train-003968,train,split=train,3968,True,False
finqa,finqa-train-004007,train,split=train,4007,True,False
finqa,finqa-train-004036,train,split=train,4036,True,False
finqa,finqa-train-004101,train,split=train,4101,True,False
finqa,finqa-train-004135,train,split=train,4135,True,False
finqa,finqa-train-004137,train,split=train,4137,True,False
finqa,finqa-train-004145,train,split=train,4145,True,False
finqa,finqa-train-004151,train,split=train,4151,True,False
finqa,finqa-train-004176,train,split=train,4176,True,True
finqa,finqa-train-004304,train,split=train,4304,True,False
finqa,finqa-train-004390,train,split=train,4390,True,False
finqa,finqa-train-004393,train,split=train,4393,True,True
finqa,finqa-train-004407,train,split=train,4407,True,False
finqa,finqa-train-004417,train,split=train,4417,True,False
finqa,finqa-train-004448,train,split=train,4448,True,False
finqa,finqa-train-004513,train,split=train,4513,True,False
finqa,finqa-train-004545,train,split=train,4545,True,True
finqa,finqa-train-004562,train,split=train,4562,True,False
finqa,finqa-train-004590,train,split=train,4590,True,False
finqa,finqa-train-004680,train,split=train,4680,True,False
finqa,finqa-train-004725,train,split=train,4725,True,False
finqa,finqa-train-004799,train,split=train,4799,True,False
finqa,finqa-train-004800,train,split=train,4800,True,False
finqa,finqa-train-004860,train,split=train,4860,True,False
finqa,finqa-train-004871,train,split=train,4871,True,False
finqa,finqa-train-004894,train,split=train,4894,True,True
finqa,finqa-train-004899,train,split=train,4899,True,False
finqa,finqa-train-004929,train,split=train,4929,True,False
finqa,finqa-train-004951,train,split=train,4951,True,False
finqa,finqa-train-005000,train,split=train,5000,True,False
finqa,finqa-train-005047,train,split=train,5047,True,False
finqa,finqa-train-005118,train,split=train,5118,True,False
finqa,finqa-train-005161,train,split=train,5161,True,False
finqa,finqa-train-005186,train,split=train,5186,True,False
finqa,finqa-train-005214,train,split=train,5214,True,False
finqa,finqa-train-005259,train,split=train,5259,True,False
finqa,finqa-train-005286,train,split=train,5286,True,False
finqa,finqa-train-005376,train,split=train,5376,True,False
finqa,finqa-train-005462,train,split=train,5462,True,False
finqa,finqa-train-005468,train,split=train,5468,True,True
finqa,finqa-train-005721,train,split=train,5721,True,False
finqa,finqa-train-005743,train,split=train,5743,True,False
finqa,finqa-train-005747,train,split=train,5747,True,False
finqa,finqa-train-005749,train,split=train,5749,True,True
finqa,finqa-train-005757,train,split=train,5757,True,False
finqa,finqa-train-005765,train,split=train,5765,True,False
finqa,finqa-train-005768,train,split=train,5768,True,False
finqa,finqa-train-005783,train,split=train,5783,True,False
finqa,finqa-train-005793,train,split=train,5793,True,False
finqa,finqa-train-005815,train,split=train,5815,True,False
finqa,finqa-train-005834,train,split=train,5834,True,False
finqa,finqa-train-005958,train,split=train,5958,True,False
finqa,finqa-train-006024,train,split=train,6024,True,False
finqa,finqa-train-006042,train,split=train,6042,True,False
finqa,finqa-train-006106,train,split=train,6106,True,False
finqa,finqa-train-006150,train,split=train,6150,True,True
finqa,finqa-train-006159,train,split=train,6159,True,False
finqa,finqa-train-006172,train,split=train,6172,True,False
finqa,finqa-train-006209,train,split=train,6209,True,True
finqa,finqa-valid-000036,valid,split=valid,6287,True,False
finqa,finqa-valid-000037,valid,split=valid,6288,True,False
finqa,finqa-valid-000051,valid,split=valid,6302,True,False
finqa,finqa-valid-000064,valid,split=valid,6315,True,False
finqa,finqa-valid-000146,valid,split=valid,6397,True,False
finqa,finqa-valid-000154,valid,split=valid,6405,True,False
finqa,finqa-valid-000273,valid,split=valid,6524,True,False
finqa,finqa-valid-000324,valid,split=valid,6575,True,False
finqa,finqa-valid-000340,valid,split=valid,6591,True,False
finqa,finqa-valid-000381,valid,split=valid,6632,True,False
finqa,finqa-valid-000453,valid,split=valid,6704,True,False
finqa,finqa-valid-000458,valid,split=valid,6709,True,False
finqa,finqa-valid-000496,valid,split=valid,6747,True,False
finqa,finqa-valid-000542,valid,split=valid,6793,True,True
finqa,finqa-valid-000605,valid,split=valid,6856,True,True
finqa,finqa-valid-000659,valid,split=valid,6910,True,False
finqa,finqa-valid-000709,valid,split=valid,6960,True,False
finqa,finqa-valid-000730,valid,split=valid,6981,True,False
finqa,finqa-valid-000813,valid,split=valid,7064,True,False
finqa,finqa-valid-000817,valid,split=valid,7068,True,False
finqa,finqa-valid-000877,valid,split=valid,7128,True,False
financial_mmlu_ko,financial_mmlu_ko-test-000002,test,split=test,2,True,False
financial_mmlu_ko,financial_mmlu_ko-test-000004,test,split=test,4,True,True
financial_mmlu_ko,financial_mmlu_ko-test-000007,test,split=test,7,True,False
financial_mmlu_ko,financial_mmlu_ko-test-000009,test,split=test,9,True,True
financial_mmlu_ko,financial_mmlu_ko-test-000010,test,split=test,10,True,False
financial_mmlu_ko,financial_mmlu_ko-test-000012,test,split=test,12,True,False
financial_mmlu_ko,financial_mmlu_ko-test-000013,test,split=test,13,True,False
financial_mmlu_ko,financial_mmlu_ko-test-000015,test,split=test,15,True,False
financial_mmlu_ko,financial_mmlu_ko-test-000020,test,split=test,20,True,False
financial_mmlu_ko,financial_mmlu_ko-test-000024,test,split=test,24,True,False
financial_mmlu_ko,financial_mmlu_ko-test-000025,test,split=test,25,True,False
financial_mmlu_ko,financial_mmlu_ko-test-000027,test,split=test,27,True,False
financial_mmlu_ko,financial_mmlu_ko-test-000028,test,split=test,28,True,False
financial_mmlu_ko,financial_mmlu_ko-test-000030,test,split=test,30,True,False
financial_mmlu_ko,financial_mmlu_ko-test-000031,test,split=test,31,True,False
financial_mmlu_ko,financial_mmlu_ko-test-000032,test,split=test,32,True,False
financial_mmlu_ko,financial_mmlu_ko-test-000033,test,split=test,33,True,False
financial_mmlu_ko,financial_mmlu_ko-test-000035,test,split=test,35,True,False
financial_mmlu_ko,financial_mmlu_ko-test-000036,test,split=test,36,True,False
financial_mmlu_ko,financial_mmlu_ko-test-000038,test,split=test,38,True,False
financial_mmlu_ko,financial_mmlu_ko-test-000040,test,split=test,40,True,False
financial_mmlu_ko,financial_mmlu_ko-test-000041,test,split=test,41,True,False
financial_mmlu_ko,financial_mmlu_ko-test-000043,test,split=test,43,True,False
financial_mmlu_ko,financial_mmlu_ko-test-000044,test,split=test,44,True,False
financial_mmlu_ko,financial_mmlu_ko-test-000048,test,split=test,48,True,True
financial_mmlu_ko,financial_mmlu_ko-test-000052,test,split=test,52,True,False
financial_mmlu_ko,financial_mmlu_ko-test-000054,test,split=test,54,True,True
financial_mmlu_ko,financial_mmlu_ko-test-000057,test,split=test,57,True,False
financial_mmlu_ko,financial_mmlu_ko-test-000059,test,split=test,59,True,False
financial_mmlu_ko,financial_mmlu_ko-test-000065,test,split=test,65,True,False
financial_mmlu_ko,financial_mmlu_ko-test-000068,test,split=test,68,True,False
financial_mmlu_ko,financial_mmlu_ko-test-000070,test,split=test,70,True,False
financial_mmlu_ko,financial_mmlu_ko-test-000079,test,split=test,79,True,False
financial_mmlu_ko,financial_mmlu_ko-test-000083,test,split=test,83,True,False
financial_mmlu_ko,financial_mmlu_ko-test-000088,test,split=test,88,True,True
financial_mmlu_ko,financial_mmlu_ko-test-000091,test,split=test,91,True,False
financial_mmlu_ko,financial_mmlu_ko-test-000092,test,split=test,92,True,False
financial_mmlu_ko,financial_mmlu_ko-test-000095,test,split=test,95,True,False
financial_mmlu_ko,financial_mmlu_ko-test-000096,test,split=test,96,True,False
financial_mmlu_ko,financial_mmlu_ko-test-000097,test,split=test,97,True,False
financial_mmlu_ko,financial_mmlu_ko-test-000100,test,split=test,100,True,False
financial_mmlu_ko,financial_mmlu_ko-test-000102,test,split=test,102,True,False
financial_mmlu_ko,financial_mmlu_ko-test-000104,test,split=test,104,True,False
financial_mmlu_ko,financial_mmlu_ko-test-000105,test,split=test,105,True,False
financial_mmlu_ko,financial_mmlu_ko-test-000106,test,split=test,106,True,True
financial_mmlu_ko,financial_mmlu_ko-test-000108,test,split=test,108,True,False
financial_mmlu_ko,financial_mmlu_ko-test-000109,test,split=test,109,True,False
financial_mmlu_ko,financial_mmlu_ko-test-000113,test,split=test,113,True,False
financial_mmlu_ko,financial_mmlu_ko-test-000116,test,split=test,116,True,False
financial_mmlu_ko,financial_mmlu_ko-test-000117,test,split=test,117,True,False
financial_mmlu_ko,financial_mmlu_ko-test-000118,test,split=test,118,True,False
financial_mmlu_ko,financial_mmlu_ko-test-000120,test,split=test,120,True,True
financial_mmlu_ko,financial_mmlu_ko-test-000121,test,split=test,121,True,False
financial_mmlu_ko,financial_mmlu_ko-test-000124,test,split=test,124,True,False
financial_mmlu_ko,financial_mmlu_ko-test-000126,test,split=test,126,True,True
financial_mmlu_ko,financial_mmlu_ko-test-000128,test,split=test,128,True,False
financial_mmlu_ko,financial_mmlu_ko-test-000130,test,split=test,130,True,False
financial_mmlu_ko,financial_mmlu_ko-test-000131,test,split=test,131,True,False
financial_mmlu_ko,financial_mmlu_ko-test-000134,test,split=test,134,True,False
financial_mmlu_ko,financial_mmlu_ko-test-000136,test,split=test,136,True,False
financial_mmlu_ko,financial_mmlu_ko-test-000138,test,split=test,138,True,False
financial_mmlu_ko,financial_mmlu_ko-test-000141,test,split=test,141,True,False
financial_mmlu_ko,financial_mmlu_ko-test-000143,test,split=test,143,True,True
financial_mmlu_ko,financial_mmlu_ko-test-000145,test,split=test,145,True,False
financial_mmlu_ko,financial_mmlu_ko-test-000147,test,split=test,147,True,False
financial_mmlu_ko,financial_mmlu_ko-test-000151,test,split=test,151,True,False
financial_mmlu_ko,financial_mmlu_ko-test-000152,test,split=test,152,True,False
financial_mmlu_ko,financial_mmlu_ko-test-000153,test,split=test,153,True,False
financial_mmlu_ko,financial_mmlu_ko-test-000156,test,split=test,156,True,False
financial_mmlu_ko,financial_mmlu_ko-test-000158,test,split=test,158,True,False
financial_mmlu_ko,financial_mmlu_ko-test-000160,test,split=test,160,True,False
financial_mmlu_ko,financial_mmlu_ko-test-000161,test,split=test,161,True,False
financial_mmlu_ko,financial_mmlu_ko-test-000162,test,split=test,162,True,False
financial_mmlu_ko,financial_mmlu_ko-test-000164,test,split=test,164,True,False
financial_mmlu_ko,financial_mmlu_ko-test-000167,test,split=test,167,True,True
financial_mmlu_ko,financial_mmlu_ko-test-000169,test,split=test,169,True,False
financial_mmlu_ko,financial_mmlu_ko-test-000172,test,split=test,172,True,False
financial_mmlu_ko,financial_mmlu_ko-test-000173,test,split=test,173,True,False
financial_mmlu_ko,financial_mmlu_ko-test-000175,test,split=test,175,True,True
financial_mmlu_ko,financial_mmlu_ko-test-000177,test,split=test,177,True,False
financial_mmlu_ko,financial_mmlu_ko-test-000181,test,split=test,181,True,False
financial_mmlu_ko,financial_mmlu_ko-test-000182,test,split=test,182,True,False
financial_mmlu_ko,financial_mmlu_ko-test-000188,test,split=test,188,True,False
financial_mmlu_ko,financial_mmlu_ko-test-000192,test,split=test,192,True,False
financial_mmlu_ko,financial_mmlu_ko-test-000193,test,split=test,193,True,False
financial_mmlu_ko,financial_mmlu_ko-test-000194,test,split=test,194,True,False
financial_mmlu_ko,financial_mmlu_ko-test-000197,test,split=test,197,True,False
financial_mmlu_ko,financial_mmlu_ko-test-000200,test,split=test,200,True,False
financial_mmlu_ko,financial_mmlu_ko-test-000203,test,split=test,203,True,False
financial_mmlu_ko,financial_mmlu_ko-test-000210,test,split=test,210,True,False
financial_mmlu_ko,financial_mmlu_ko-test-000214,test,split=test,214,True,False
financial_mmlu_ko,financial_mmlu_ko-test-000216,test,split=test,216,True,False
financial_mmlu_ko,financial_mmlu_ko-test-000219,test,split=test,219,True,False
financial_mmlu_ko,financial_mmlu_ko-test-000221,test,split=test,221,True,True
financial_mmlu_ko,financial_mmlu_ko-test-000223,test,split=test,223,True,False
financial_mmlu_ko,financial_mmlu_ko-test-000224,test,split=test,224,True,False
financial_mmlu_ko,financial_mmlu_ko-test-000225,test,split=test,225,True,False
financial_mmlu_ko,financial_mmlu_ko-test-000227,test,split=test,227,True,False
financial_mmlu_ko,financial_mmlu_ko-test-000229,test,split=test,229,True,True
financial_mmlu_ko,financial_mmlu_ko-test-000230,test,split=test,230,True,False
financial_mmlu_ko,financial_mmlu_ko-test-000234,test,split=test,234,True,False
financial_mmlu_ko,financial_mmlu_ko-test-000235,test,split=test,235,True,False
financial_mmlu_ko,financial_mmlu_ko-test-000236,test,split=test,236,True,False
financial_mmlu_ko,financial_mmlu_ko-test-000237,test,split=test,237,True,False
financial_mmlu_ko,financial_mmlu_ko-test-000241,test,split=test,241,True,False
financial_mmlu_ko,financial_mmlu_ko-test-000242,test,split=test,242,True,False
financial_mmlu_ko,financial_mmlu_ko-test-000243,test,split=test,243,True,False
financial_mmlu_ko,financial_mmlu_ko-test-000244,test,split=test,244,True,False
financial_mmlu_ko,financial_mmlu_ko-test-000245,test,split=test,245,True,False
financial_mmlu_ko,financial_mmlu_ko-test-000246,test,split=test,246,True,False
financial_mmlu_ko,financial_mmlu_ko-test-000247,test,split=test,247,True,False
financial_mmlu_ko,financial_mmlu_ko-test-000249,test,split=test,249,True,False
financial_mmlu_ko,financial_mmlu_ko-test-000252,test,split=test,252,True,False
financial_mmlu_ko,financial_mmlu_ko-test-000253,test,split=test,253,True,True
financial_mmlu_ko,financial_mmlu_ko-test-000257,test,split=test,257,True,False
financial_mmlu_ko,financial_mmlu_ko-test-000259,test,split=test,259,True,False
financial_mmlu_ko,financial_mmlu_ko-test-000260,test,split=test,260,True,False
financial_mmlu_ko,financial_mmlu_ko-test-000262,test,split=test,262,True,False
financial_mmlu_ko,financial_mmlu_ko-test-000264,test,split=test,264,True,False
financial_mmlu_ko,financial_mmlu_ko-test-000268,test,split=test,268,True,False
financial_mmlu_ko,financial_mmlu_ko-test-000270,test,split=test,270,True,False
financial_mmlu_ko,financial_mmlu_ko-test-000271,test,split=test,271,True,False
financial_mmlu_ko,financial_mmlu_ko-test-000273,test,split=test,273,True,False
financial_mmlu_ko,financial_mmlu_ko-test-000274,test,split=test,274,True,False
financial_mmlu_ko,financial_mmlu_ko-test-000275,test,split=test,275,True,False
financial_mmlu_ko,financial_mmlu_ko-test-000279,test,split=test,279,True,False
financial_mmlu_ko,financial_mmlu_ko-test-000281,test,split=test,281,True,False
financial_mmlu_ko,financial_mmlu_ko-test-000282,test,split=test,282,True,False
financial_mmlu_ko,financial_mmlu_ko-test-000283,test,split=test,283,True,False
financial_mmlu_ko,financial_mmlu_ko-test-000284,test,split=test,284,True,False
financial_mmlu_ko,financial_mmlu_ko-test-000285,test,split=test,285,True,False
financial_mmlu_ko,financial_mmlu_ko-test-000288,test,split=test,288,True,False
financial_mmlu_ko,financial_mmlu_ko-test-000291,test,split=test,291,True,False
financial_mmlu_ko,financial_mmlu_ko-test-000293,test,split=test,293,True,False
financial_mmlu_ko,financial_mmlu_ko-test-000301,test,split=test,301,True,False
financial_mmlu_ko,financial_mmlu_ko-test-000302,test,split=test,302,True,True
financial_mmlu_ko,financial_mmlu_ko-test-000309,test,split=test,309,True,False
financial_mmlu_ko,financial_mmlu_ko-test-000310,test,split=test,310,True,False
financial_mmlu_ko,financial_mmlu_ko-test-000312,test,split=test,312,True,True
financial_mmlu_ko,financial_mmlu_ko-test-000313,test,split=test,313,True,False
financial_mmlu_ko,financial_mmlu_ko-test-000316,test,split=test,316,True,False
financial_mmlu_ko,financial_mmlu_ko-test-000319,test,split=test,319,True,False
financial_mmlu_ko,financial_mmlu_ko-test-000320,test,split=test,320,True,False
financial_mmlu_ko,financial_mmlu_ko-test-000322,test,split=test,322,True,False
financial_mmlu_ko,financial_mmlu_ko-test-000323,test,split=test,323,True,False
financial_mmlu_ko,financial_mmlu_ko-test-000325,test,split=test,325,True,False
financial_mmlu_ko,financial_mmlu_ko-test-000326,test,split=test,326,True,False
financial_mmlu_ko,financial_mmlu_ko-test-000331,test,split=test,331,True,False
financial_mmlu_ko,financial_mmlu_ko-test-000332,test,split=test,332,True,False
financial_mmlu_ko,financial_mmlu_ko-test-000334,test,split=test,334,True,False
financial_mmlu_ko,financial_mmlu_ko-test-000336,test,split=test,336,True,False
financial_mmlu_ko,financial_mmlu_ko-test-000339,test,split=test,339,True,False
financial_mmlu_ko,financial_mmlu_ko-test-000348,test,split=test,348,True,False
financial_mmlu_ko,financial_mmlu_ko-test-000353,test,split=test,353,True,True
financial_mmlu_ko,financial_mmlu_ko-test-000354,test,split=test,354,True,False
financial_mmlu_ko,financial_mmlu_ko-test-000356,test,split=test,356,True,False
financial_mmlu_ko,financial_mmlu_ko-test-000357,test,split=test,357,True,False
financial_mmlu_ko,financial_mmlu_ko-test-000358,test,split=test,358,True,False
financial_mmlu_ko,financial_mmlu_ko-test-000362,test,split=test,362,True,False
financial_mmlu_ko,financial_mmlu_ko-test-000368,test,split=test,368,True,False
financial_mmlu_ko,financial_mmlu_ko-test-000369,test,split=test,369,True,False
financial_mmlu_ko,financial_mmlu_ko-test-000370,test,split=test,370,True,False
financial_mmlu_ko,financial_mmlu_ko-test-000371,test,split=test,371,True,False
financial_mmlu_ko,financial_mmlu_ko-test-000372,test,split=test,372,True,False
financial_mmlu_ko,financial_mmlu_ko-test-000373,test,split=test,373,True,False
financial_mmlu_ko,financial_mmlu_ko-test-000374,test,split=test,374,True,False
financial_mmlu_ko,financial_mmlu_ko-test-000380,test,split=test,380,True,False
financial_mmlu_ko,financial_mmlu_ko-test-000385,test,split=test,385,True,False
financial_mmlu_ko,financial_mmlu_ko-test-000387,test,split=test,387,True,False
financial_mmlu_ko,financial_mmlu_ko-test-000388,test,split=test,388,True,False
financial_mmlu_ko,financial_mmlu_ko-test-000390,test,split=test,390,True,False
financial_mmlu_ko,financial_mmlu_ko-test-000391,test,split=test,391,True,False
financial_mmlu_ko,financial_mmlu_ko-test-000392,test,split=test,392,True,False
financial_mmlu_ko,financial_mmlu_ko-test-000394,test,split=test,394,True,False
financial_mmlu_ko,financial_mmlu_ko-test-000395,test,split=test,395,True,False
financial_mmlu_ko,financial_mmlu_ko-test-000397,test,split=test,397,True,False
financial_mmlu_ko,financial_mmlu_ko-test-000399,test,split=test,399,True,False
financial_mmlu_ko,financial_mmlu_ko-test-000402,test,split=test,402,True,False
financial_mmlu_ko,financial_mmlu_ko-test-000404,test,split=test,404,True,False
financial_mmlu_ko,financial_mmlu_ko-test-000405,test,split=test,405,True,True
financial_mmlu_ko,financial_mmlu_ko-test-000406,test,split=test,406,True,False
financial_mmlu_ko,financial_mmlu_ko-test-000413,test,split=test,413,True,False
financial_mmlu_ko,financial_mmlu_ko-test-000417,test,split=test,417,True,False
financial_mmlu_ko,financial_mmlu_ko-test-000419,test,split=test,419,True,False
financial_mmlu_ko,financial_mmlu_ko-test-000423,test,split=test,423,True,False
financial_mmlu_ko,financial_mmlu_ko-test-000429,test,split=test,429,True,True
financial_mmlu_ko,financial_mmlu_ko-test-000430,test,split=test,430,True,False
financial_mmlu_ko,financial_mmlu_ko-test-000432,test,split=test,432,True,False
financial_mmlu_ko,financial_mmlu_ko-test-000436,test,split=test,436,True,False
financial_mmlu_ko,financial_mmlu_ko-test-000438,test,split=test,438,True,False
financial_mmlu_ko,financial_mmlu_ko-test-000439,test,split=test,439,True,False
financial_mmlu_ko,financial_mmlu_ko-test-000442,test,split=test,442,True,False
financial_mmlu_ko,financial_mmlu_ko-test-000444,test,split=test,444,True,False
financial_mmlu_ko,financial_mmlu_ko-test-000445,test,split=test,445,True,False
financial_mmlu_ko,financial_mmlu_ko-test-000446,test,split=test,446,True,False
financial_mmlu_ko,financial_mmlu_ko-test-000447,test,split=test,447,True,False
financial_mmlu_ko,financial_mmlu_ko-test-000448,test,split=test,448,True,False
financial_mmlu_ko,financial_mmlu_ko-test-000450,test,split=test,450,True,False
financial_mmlu_ko,financial_mmlu_ko-test-000452,test,split=test,452,True,False
financial_mmlu_ko,financial_mmlu_ko-test-000455,test,split=test,455,True,True
