request_number,scope,variant,sample_id,dataset,provider,model,attempt,status,http_status,error_type,error_message,input_tokens,cache_hit_input_tokens,cache_miss_input_tokens,output_tokens,total_tokens,latency_ms,estimated_cost_usd,requested_at_utc,completed_at_utc
1,smoke20,A,fpb-full-000319,fpb,deepseek,deepseek-v4-pro,1,success,200,,,112,0,112,1,113,2628.1,4.959e-05,2026-07-20T16:01:02.836090+00:00,2026-07-20T16:01:05.464417+00:00
2,smoke20,A,fpb-full-000527,fpb,deepseek,deepseek-v4-pro,1,success,200,,,78,0,78,1,79,3074.97,3.48e-05,2026-07-20T16:01:05.772006+00:00,2026-07-20T16:01:08.846569+00:00
3,smoke20,A,fpb-full-000687,fpb,deepseek,deepseek-v4-pro,1,success,200,,,102,0,102,1,103,3595.89,4.524e-05,2026-07-20T16:01:09.154285+00:00,2026-07-20T16:01:12.749415+00:00
4,smoke20,A,fpb-full-000710,fpb,deepseek,deepseek-v4-pro,1,success,200,,,105,0,105,1,106,1957.16,4.654e-05,2026-07-20T16:01:13.081828+00:00,2026-07-20T16:01:15.038953+00:00
5,smoke20,A,fpb-full-001127,fpb,deepseek,deepseek-v4-pro,1,success,200,,,92,0,92,1,93,1805.78,4.089e-05,2026-07-20T16:01:15.345665+00:00,2026-07-20T16:01:17.150955+00:00
6,smoke20,A,fpb-full-001137,fpb,deepseek,deepseek-v4-pro,1,success,200,,,86,0,86,1,87,1359.72,3.828e-05,2026-07-20T16:01:17.459599+00:00,2026-07-20T16:01:18.818490+00:00
7,smoke20,A,fpb-full-001224,fpb,deepseek,deepseek-v4-pro,1,success,200,,,131,0,131,1,132,1772.44,5.786e-05,2026-07-20T16:01:19.126368+00:00,2026-07-20T16:01:20.898630+00:00
8,smoke20,A,fpb-full-001290,fpb,deepseek,deepseek-v4-pro,1,success,200,,,90,0,90,1,91,1756.52,4.002e-05,2026-07-20T16:01:21.211960+00:00,2026-07-20T16:01:22.968050+00:00
9,smoke20,A,fpb-full-002581,fpb,deepseek,deepseek-v4-pro,1,success,200,,,79,0,79,1,80,1319.49,3.523e-05,2026-07-20T16:01:23.275485+00:00,2026-07-20T16:01:24.594126+00:00
10,smoke20,A,fpb-full-002887,fpb,deepseek,deepseek-v4-pro,1,success,200,,,105,0,105,1,106,1514.54,4.654e-05,2026-07-20T16:01:24.901176+00:00,2026-07-20T16:01:26.414664+00:00
11,smoke20,A,fpb-full-003104,fpb,deepseek,deepseek-v4-pro,1,success,200,,,90,0,90,1,91,1540.02,4.002e-05,2026-07-20T16:01:26.722871+00:00,2026-07-20T16:01:28.262624+00:00
12,smoke20,A,fpb-full-003299,fpb,deepseek,deepseek-v4-pro,1,success,200,,,109,0,109,1,110,1703.12,4.829e-05,2026-07-20T16:01:28.570423+00:00,2026-07-20T16:01:30.273652+00:00
13,smoke20,A,fpb-full-003384,fpb,deepseek,deepseek-v4-pro,1,success,200,,,114,0,114,1,115,1910.49,5.046e-05,2026-07-20T16:01:30.581271+00:00,2026-07-20T16:01:32.492043+00:00
14,smoke20,A,fpb-full-003523,fpb,deepseek,deepseek-v4-pro,1,success,200,,,76,0,76,1,77,2022.48,3.393e-05,2026-07-20T16:01:32.798195+00:00,2026-07-20T16:01:34.820601+00:00
15,smoke20,A,fpb-full-003702,fpb,deepseek,deepseek-v4-pro,1,success,200,,,88,0,88,1,89,1185.21,3.915e-05,2026-07-20T16:01:35.127306+00:00,2026-07-20T16:01:36.312081+00:00
16,smoke20,A,fpb-full-003774,fpb,deepseek,deepseek-v4-pro,1,success,200,,,71,0,71,1,72,2097.62,3.175e-05,2026-07-20T16:01:36.619189+00:00,2026-07-20T16:01:38.716411+00:00
17,smoke20,A,fpb-full-003943,fpb,deepseek,deepseek-v4-pro,1,success,200,,,88,0,88,1,89,3453.02,3.915e-05,2026-07-20T16:01:39.023497+00:00,2026-07-20T16:01:42.475954+00:00
18,smoke20,A,fpb-full-004197,fpb,deepseek,deepseek-v4-pro,1,success,200,,,83,0,83,1,84,1450.75,3.697e-05,2026-07-20T16:01:42.782535+00:00,2026-07-20T16:01:44.232525+00:00
19,smoke20,A,fpb-full-004401,fpb,deepseek,deepseek-v4-pro,1,success,200,,,120,0,120,1,121,1219.51,5.307e-05,2026-07-20T16:01:44.540217+00:00,2026-07-20T16:01:45.759357+00:00
20,smoke20,A,fpb-full-004723,fpb,deepseek,deepseek-v4-pro,1,success,200,,,80,0,80,1,81,1245.31,3.567e-05,2026-07-20T16:01:46.066035+00:00,2026-07-20T16:01:47.311513+00:00
21,smoke20,A,fiqa_sa-test-000067,fiqa_sa,deepseek,deepseek-v4-pro,1,success,200,,,81,0,81,1,82,1847.1,3.611e-05,2026-07-20T16:01:47.618516+00:00,2026-07-20T16:01:49.464984+00:00
22,smoke20,A,fiqa_sa-test-000079,fiqa_sa,deepseek,deepseek-v4-pro,1,success,200,,,76,0,76,1,77,1788.86,3.393e-05,2026-07-20T16:01:49.774013+00:00,2026-07-20T16:01:51.561758+00:00
23,smoke20,A,fiqa_sa-test-000119,fiqa_sa,deepseek,deepseek-v4-pro,1,success,200,,,103,0,103,1,104,1308.49,4.567e-05,2026-07-20T16:01:51.869254+00:00,2026-07-20T16:01:53.177345+00:00
24,smoke20,A,fiqa_sa-test-000195,fiqa_sa,deepseek,deepseek-v4-pro,1,success,200,,,71,0,71,1,72,1441.46,3.175e-05,2026-07-20T16:01:53.483700+00:00,2026-07-20T16:01:54.924666+00:00
25,smoke20,A,fiqa_sa-train-000054,fiqa_sa,deepseek,deepseek-v4-pro,1,success,200,,,82,0,82,1,83,1395.47,3.654e-05,2026-07-20T16:01:55.235426+00:00,2026-07-20T16:01:56.629816+00:00
26,smoke20,A,fiqa_sa-train-000124,fiqa_sa,deepseek,deepseek-v4-pro,1,success,200,,,79,0,79,1,80,1259.27,3.523e-05,2026-07-20T16:01:56.937772+00:00,2026-07-20T16:01:58.196677+00:00
27,smoke20,A,fiqa_sa-train-000272,fiqa_sa,deepseek,deepseek-v4-pro,1,success,200,,,75,0,75,1,76,1620.6,3.349e-05,2026-07-20T16:01:58.504141+00:00,2026-07-20T16:02:00.124306+00:00
28,smoke20,A,fiqa_sa-train-000284,fiqa_sa,deepseek,deepseek-v4-pro,1,success,200,,,72,0,72,1,73,1509.23,3.219e-05,2026-07-20T16:02:00.430892+00:00,2026-07-20T16:02:01.939288+00:00
29,smoke20,A,fiqa_sa-train-000289,fiqa_sa,deepseek,deepseek-v4-pro,1,success,200,,,73,0,73,1,74,1620.44,3.262e-05,2026-07-20T16:02:02.246817+00:00,2026-07-20T16:02:03.866194+00:00
30,smoke20,A,fiqa_sa-train-000317,fiqa_sa,deepseek,deepseek-v4-pro,1,success,200,,,76,0,76,1,77,2256.99,3.393e-05,2026-07-20T16:02:04.173752+00:00,2026-07-20T16:02:06.430531+00:00
31,smoke20,A,fiqa_sa-train-000357,fiqa_sa,deepseek,deepseek-v4-pro,1,success,200,,,91,0,91,1,92,2181.92,4.045e-05,2026-07-20T16:02:06.738281+00:00,2026-07-20T16:02:08.920039+00:00
32,smoke20,A,fiqa_sa-train-000399,fiqa_sa,deepseek,deepseek-v4-pro,1,success,200,,,110,0,110,1,111,2079.2,4.872e-05,2026-07-20T16:02:09.227810+00:00,2026-07-20T16:02:11.306204+00:00
33,smoke20,A,fiqa_sa-train-000454,fiqa_sa,deepseek,deepseek-v4-pro,1,success,200,,,86,0,86,1,87,1430.43,3.828e-05,2026-07-20T16:02:11.614393+00:00,2026-07-20T16:02:13.044522+00:00
34,smoke20,A,fiqa_sa-train-000514,fiqa_sa,deepseek,deepseek-v4-pro,1,success,200,,,88,0,88,1,89,1339.68,3.915e-05,2026-07-20T16:02:13.352571+00:00,2026-07-20T16:02:14.691640+00:00
35,smoke20,A,fiqa_sa-train-000530,fiqa_sa,deepseek,deepseek-v4-pro,1,success,200,,,71,0,71,1,72,1421.99,3.175e-05,2026-07-20T16:02:14.999066+00:00,2026-07-20T16:02:16.420544+00:00
36,smoke20,A,fiqa_sa-train-000646,fiqa_sa,deepseek,deepseek-v4-pro,1,success,200,,,95,0,95,1,96,1477.21,4.219e-05,2026-07-20T16:02:16.727721+00:00,2026-07-20T16:02:18.204273+00:00
37,smoke20,A,fiqa_sa-train-000648,fiqa_sa,deepseek,deepseek-v4-pro,1,success,200,,,94,0,94,1,95,1649.11,4.176e-05,2026-07-20T16:02:18.532355+00:00,2026-07-20T16:02:20.181325+00:00
38,smoke20,A,fiqa_sa-train-000691,fiqa_sa,deepseek,deepseek-v4-pro,1,success,200,,,82,0,82,1,83,1138.88,3.654e-05,2026-07-20T16:02:20.489467+00:00,2026-07-20T16:02:21.627518+00:00
39,smoke20,A,fiqa_sa-valid-000028,fiqa_sa,deepseek,deepseek-v4-pro,1,success,200,,,73,0,73,1,74,1295.36,3.262e-05,2026-07-20T16:02:21.935271+00:00,2026-07-20T16:02:23.230171+00:00
40,smoke20,A,fiqa_sa-valid-000041,fiqa_sa,deepseek,deepseek-v4-pro,1,success,200,,,71,0,71,1,72,1443.41,3.175e-05,2026-07-20T16:02:23.537172+00:00,2026-07-20T16:02:24.980495+00:00
41,smoke20,A,finqa-test-000535,finqa,deepseek,deepseek-v4-pro,1,success,200,,,886,0,886,22,908,1766.0,0.00040455,2026-07-20T16:02:25.287908+00:00,2026-07-20T16:02:27.052912+00:00
42,smoke20,A,finqa-test-001089,finqa,deepseek,deepseek-v4-pro,1,success,200,,,968,0,968,22,990,1749.52,0.00044022,2026-07-20T16:02:27.360188+00:00,2026-07-20T16:02:29.109795+00:00
43,smoke20,A,finqa-test-001091,finqa,deepseek,deepseek-v4-pro,1,success,200,,,1274,0,1274,15,1289,1446.75,0.00056724,2026-07-20T16:02:29.417228+00:00,2026-07-20T16:02:30.864085+00:00
44,smoke20,A,finqa-train-001048,finqa,deepseek,deepseek-v4-pro,1,success,200,,,509,0,509,15,524,1449.28,0.00023446,2026-07-20T16:02:31.172090+00:00,2026-07-20T16:02:32.620985+00:00
45,smoke20,A,finqa-train-001794,finqa,deepseek,deepseek-v4-pro,1,success,200,,,1119,0,1119,21,1140,1627.13,0.00050504,2026-07-20T16:02:32.928264+00:00,2026-07-20T16:02:34.554923+00:00
46,smoke20,A,finqa-train-002163,finqa,deepseek,deepseek-v4-pro,1,success,200,,,1087,0,1087,5,1092,1566.23,0.0004772,2026-07-20T16:02:34.862687+00:00,2026-07-20T16:02:36.428524+00:00
47,smoke20,A,finqa-train-002189,finqa,deepseek,deepseek-v4-pro,1,success,200,,,539,0,539,5,544,1608.01,0.00023881,2026-07-20T16:02:36.735742+00:00,2026-07-20T16:02:38.342673+00:00
48,smoke20,A,finqa-train-002506,finqa,deepseek,deepseek-v4-pro,1,success,200,,,986,0,986,6,992,1809.2,0.00043413,2026-07-20T16:02:38.650484+00:00,2026-07-20T16:02:40.459010+00:00
49,smoke20,A,finqa-train-002884,finqa,deepseek,deepseek-v4-pro,1,success,200,,,956,0,956,24,980,1738.31,0.00043674,2026-07-20T16:02:40.767690+00:00,2026-07-20T16:02:42.505274+00:00
50,smoke20,A,finqa-train-003520,finqa,deepseek,deepseek-v4-pro,1,success,200,,,1070,0,1070,3,1073,1491.71,0.00046806,2026-07-20T16:02:42.818498+00:00,2026-07-20T16:02:44.309762+00:00
51,smoke20,A,finqa-train-004176,finqa,deepseek,deepseek-v4-pro,1,success,200,,,1026,0,1026,1,1027,1260.75,0.00044718,2026-07-20T16:02:44.617299+00:00,2026-07-20T16:02:45.877798+00:00
52,smoke20,A,finqa-train-004393,finqa,deepseek,deepseek-v4-pro,1,success,200,,,1396,0,1396,5,1401,1533.3,0.00061161,2026-07-20T16:02:46.185358+00:00,2026-07-20T16:02:47.718443+00:00
53,smoke20,A,finqa-train-004545,finqa,deepseek,deepseek-v4-pro,1,success,200,,,1087,0,1087,2,1089,1382.54,0.00047459,2026-07-20T16:02:48.025532+00:00,2026-07-20T16:02:49.407396+00:00
54,smoke20,A,finqa-train-004894,finqa,deepseek,deepseek-v4-pro,1,success,200,,,1030,0,1030,21,1051,1670.15,0.00046632,2026-07-20T16:02:49.714890+00:00,2026-07-20T16:02:51.385090+00:00
55,smoke20,A,finqa-train-005468,finqa,deepseek,deepseek-v4-pro,1,success,200,,,900,0,900,17,917,1620.32,0.00040629,2026-07-20T16:02:51.692354+00:00,2026-07-20T16:02:53.312023+00:00
56,smoke20,A,finqa-train-005749,finqa,deepseek,deepseek-v4-pro,1,success,200,,,1129,0,1129,2,1131,1273.86,0.00049285,2026-07-20T16:02:53.619611+00:00,2026-07-20T16:02:54.893439+00:00
57,smoke20,A,finqa-train-006150,finqa,deepseek,deepseek-v4-pro,1,success,200,,,971,0,971,2,973,1453.77,0.00042413,2026-07-20T16:02:55.200072+00:00,2026-07-20T16:02:56.653538+00:00
58,smoke20,A,finqa-train-006209,finqa,deepseek,deepseek-v4-pro,1,success,200,,,910,0,910,4,914,1547.25,0.00039933,2026-07-20T16:02:56.960290+00:00,2026-07-20T16:02:58.506760+00:00
59,smoke20,A,finqa-valid-000542,finqa,deepseek,deepseek-v4-pro,1,success,200,,,798,0,798,6,804,1540.53,0.00035235,2026-07-20T16:02:58.813646+00:00,2026-07-20T16:03:00.353062+00:00
60,smoke20,A,finqa-valid-000605,finqa,deepseek,deepseek-v4-pro,1,success,200,,,540,0,540,3,543,1461.95,0.00023751,2026-07-20T16:03:00.660319+00:00,2026-07-20T16:03:02.121612+00:00
61,smoke20,A,financial_mmlu_ko-test-000004,financial_mmlu_ko,deepseek,deepseek-v4-pro,1,success,200,,,192,0,192,1,193,1426.99,8.439e-05,2026-07-20T16:03:02.429282+00:00,2026-07-20T16:03:03.855673+00:00
62,smoke20,A,financial_mmlu_ko-test-000009,financial_mmlu_ko,deepseek,deepseek-v4-pro,1,success,200,,,162,0,162,1,163,1387.81,7.134e-05,2026-07-20T16:03:04.163394+00:00,2026-07-20T16:03:05.550416+00:00
63,smoke20,A,financial_mmlu_ko-test-000048,financial_mmlu_ko,deepseek,deepseek-v4-pro,1,success,200,,,138,0,138,1,139,1431.66,6.09e-05,2026-07-20T16:03:05.858567+00:00,2026-07-20T16:03:07.289815+00:00
64,smoke20,A,financial_mmlu_ko-test-000054,financial_mmlu_ko,deepseek,deepseek-v4-pro,1,success,200,,,140,0,140,1,141,1280.91,6.177e-05,2026-07-20T16:03:07.596701+00:00,2026-07-20T16:03:08.877106+00:00
65,smoke20,A,financial_mmlu_ko-test-000088,financial_mmlu_ko,deepseek,deepseek-v4-pro,1,success,200,,,103,0,103,1,104,1561.53,4.567e-05,2026-07-20T16:03:09.183785+00:00,2026-07-20T16:03:10.744927+00:00
66,smoke20,A,financial_mmlu_ko-test-000106,financial_mmlu_ko,deepseek,deepseek-v4-pro,1,success,200,,,186,0,186,1,187,1440.18,8.178e-05,2026-07-20T16:03:11.052458+00:00,2026-07-20T16:03:12.492740+00:00
67,smoke20,A,financial_mmlu_ko-test-000120,financial_mmlu_ko,deepseek,deepseek-v4-pro,1,success,200,,,215,0,215,1,216,1220.07,9.439e-05,2026-07-20T16:03:12.799824+00:00,2026-07-20T16:03:14.019599+00:00
68,smoke20,A,financial_mmlu_ko-test-000126,financial_mmlu_ko,deepseek,deepseek-v4-pro,1,success,200,,,129,0,129,1,130,1309.6,5.698e-05,2026-07-20T16:03:14.326255+00:00,2026-07-20T16:03:15.635699+00:00
69,smoke20,A,financial_mmlu_ko-test-000143,financial_mmlu_ko,deepseek,deepseek-v4-pro,1,success,200,,,194,0,194,1,195,1224.64,8.526e-05,2026-07-20T16:03:15.942687+00:00,2026-07-20T16:03:17.166784+00:00
70,smoke20,A,financial_mmlu_ko-test-000167,financial_mmlu_ko,deepseek,deepseek-v4-pro,1,success,200,,,156,0,156,1,157,1423.66,6.873e-05,2026-07-20T16:03:17.474265+00:00,2026-07-20T16:03:18.897194+00:00
71,smoke20,A,financial_mmlu_ko-test-000175,financial_mmlu_ko,deepseek,deepseek-v4-pro,1,success,200,,,203,0,203,1,204,1346.78,8.917e-05,2026-07-20T16:03:19.204988+00:00,2026-07-20T16:03:20.551442+00:00
72,smoke20,A,financial_mmlu_ko-test-000221,financial_mmlu_ko,deepseek,deepseek-v4-pro,1,success,200,,,142,0,142,1,143,1577.51,6.264e-05,2026-07-20T16:03:20.858833+00:00,2026-07-20T16:03:22.436203+00:00
73,smoke20,A,financial_mmlu_ko-test-000229,financial_mmlu_ko,deepseek,deepseek-v4-pro,1,success,200,,,221,0,221,1,222,1738.08,9.7e-05,2026-07-20T16:03:22.743126+00:00,2026-07-20T16:03:24.480545+00:00
74,smoke20,A,financial_mmlu_ko-test-000253,financial_mmlu_ko,deepseek,deepseek-v4-pro,1,success,200,,,206,0,206,1,207,1419.53,9.048e-05,2026-07-20T16:03:24.787847+00:00,2026-07-20T16:03:26.206210+00:00
75,smoke20,A,financial_mmlu_ko-test-000302,financial_mmlu_ko,deepseek,deepseek-v4-pro,1,success,200,,,133,0,133,1,134,1478.86,5.872e-05,2026-07-20T16:03:26.514048+00:00,2026-07-20T16:03:27.993231+00:00
76,smoke20,A,financial_mmlu_ko-test-000312,financial_mmlu_ko,deepseek,deepseek-v4-pro,1,success,200,,,129,0,129,1,130,1638.01,5.698e-05,2026-07-20T16:03:28.300517+00:00,2026-07-20T16:03:29.938159+00:00
77,smoke20,A,financial_mmlu_ko-test-000353,financial_mmlu_ko,deepseek,deepseek-v4-pro,1,success,200,,,180,0,180,1,181,1298.78,7.917e-05,2026-07-20T16:03:30.245642+00:00,2026-07-20T16:03:31.543503+00:00
78,smoke20,A,financial_mmlu_ko-test-000405,financial_mmlu_ko,deepseek,deepseek-v4-pro,1,success,200,,,211,0,211,1,212,1434.38,9.265e-05,2026-07-20T16:03:31.851162+00:00,2026-07-20T16:03:33.284832+00:00
79,smoke20,A,financial_mmlu_ko-test-000429,financial_mmlu_ko,deepseek,deepseek-v4-pro,1,success,200,,,188,0,188,1,189,1551.83,8.265e-05,2026-07-20T16:03:33.594353+00:00,2026-07-20T16:03:35.146581+00:00
80,smoke20,A,financial_mmlu_ko-test-000455,financial_mmlu_ko,deepseek,deepseek-v4-pro,1,success,200,,,246,0,246,1,247,1281.22,0.00010788,2026-07-20T16:03:35.453086+00:00,2026-07-20T16:03:36.734156+00:00
